epoch,step,train_acc,train_loss,val_acc,val_loss
0,49,0.40625,0.7647697925567627,,
0,99,0.484375,0.7357265949249268,,
0,149,0.5625,0.690536618232727,,
0,199,0.5625,0.7085890173912048,,
0,249,0.5,0.7139160633087158,,
0,299,0.421875,0.7286206483840942,,
0,349,0.453125,0.7069579362869263,,
0,399,0.484375,0.6912623643875122,,
0,449,0.515625,0.7102079391479492,,
0,499,0.5625,0.6677388548851013,,
0,549,0.5625,0.6791258454322815,,
0,599,0.609375,0.6755352020263672,,
0,649,0.5,0.6794576048851013,,
0,699,0.53125,0.6813743114471436,,
0,749,0.59375,0.6945964097976685,,
0,799,0.53125,0.6786463260650635,,
0,849,0.578125,0.6742051839828491,,
0,899,0.515625,0.7041553258895874,,
0,949,0.5625,0.6585358381271362,,
0,999,0.578125,0.6487644910812378,,
0,1049,0.65625,0.6532987356185913,,
0,1099,0.65625,0.6228868365287781,,
0,1149,0.671875,0.6235766410827637,,
0,1199,0.59375,0.6642895936965942,,
0,1249,0.53125,0.6930559873580933,,
0,1299,0.515625,0.6976173520088196,,
0,1349,0.625,0.6248906850814819,,
0,1399,0.640625,0.6378893256187439,,
0,1449,0.65625,0.6376708745956421,,
0,1499,0.640625,0.6618348360061646,,
0,1549,0.671875,0.6349174976348877,,
0,1599,0.53125,0.6538751721382141,,
0,1649,0.625,0.6586840748786926,,
0,1699,0.671875,0.6201076507568359,,
0,1749,0.65625,0.645844042301178,,
0,1799,0.609375,0.6219050884246826,,
0,1849,0.59375,0.625907301902771,,
0,1899,0.703125,0.6159452199935913,,
0,1915,,,0.6228617429733276,0.6415712237358093
1,1949,0.65625,0.6446943879127502,,
1,1999,0.5,0.6982605457305908,,
1,2049,0.609375,0.6201503872871399,,
1,2099,0.5625,0.643633246421814,,
1,2149,0.59375,0.6366875171661377,,
1,2199,0.578125,0.6614722609519958,,
1,2249,0.640625,0.6181554198265076,,
1,2299,0.671875,0.6032818555831909,,
1,2349,0.59375,0.6410157680511475,,
1,2399,0.625,0.6515524387359619,,
1,2449,0.71875,0.5676276683807373,,
1,2499,0.5625,0.6709043383598328,,
1,2549,0.625,0.61695396900177,,
1,2599,0.546875,0.7111243009567261,,
1,2649,0.640625,0.6429637670516968,,
1,2699,0.609375,0.596488893032074,,
1,2749,0.609375,0.6092685461044312,,
1,2799,0.53125,0.6630093455314636,,
1,2849,0.640625,0.6523300409317017,,
1,2899,0.765625,0.5486372709274292,,
1,2949,0.546875,0.6377241015434265,,
1,2999,0.546875,0.6926383972167969,,
1,3049,0.71875,0.6001479625701904,,
1,3099,0.5625,0.7338082790374756,,
1,3149,0.640625,0.6300415992736816,,
1,3199,0.703125,0.6260248422622681,,
1,3249,0.6875,0.5676980018615723,,
1,3299,0.609375,0.685346245765686,,
1,3349,0.5625,0.6777089834213257,,
1,3399,0.671875,0.575568675994873,,
1,3449,0.671875,0.6080088019371033,,
1,3499,0.734375,0.614092230796814,,
1,3549,0.671875,0.5562935471534729,,
1,3599,0.625,0.6065051555633545,,
1,3649,0.671875,0.5486424565315247,,
1,3699,0.609375,0.6544426679611206,,
1,3749,0.578125,0.6128063201904297,,
1,3799,0.71875,0.6090259552001953,,
1,3831,,,0.6652962565422058,0.6077025532722473
2,3849,0.703125,0.5769010782241821,,
2,3899,0.59375,0.5847253203392029,,
2,3949,0.671875,0.6182578802108765,,
2,3999,0.71875,0.5468519926071167,,
2,4049,0.71875,0.5909440517425537,,
2,4099,0.6875,0.6056111454963684,,
2,4149,0.640625,0.6099992394447327,,
2,4199,0.59375,0.6780871748924255,,
2,4249,0.734375,0.5709088444709778,,
2,4299,0.71875,0.5368016958236694,,
2,4349,0.609375,0.6447432041168213,,
2,4399,0.640625,0.6339215040206909,,
2,4449,0.765625,0.5619745254516602,,
2,4499,0.640625,0.587470531463623,,
2,4549,0.75,0.577481210231781,,
2,4599,0.6875,0.5693213939666748,,
2,4649,0.546875,0.6857356429100037,,
2,4699,0.578125,0.6378187537193298,,
2,4749,0.71875,0.5849229097366333,,
2,4799,0.578125,0.650141716003418,,
2,4849,0.578125,0.6832820177078247,,
2,4899,0.65625,0.6352570056915283,,
2,4949,0.484375,0.6786329746246338,,
2,4999,0.6875,0.6159346699714661,,
2,5049,0.671875,0.5712060928344727,,
2,5099,0.59375,0.7025193572044373,,
2,5149,0.609375,0.6368489265441895,,
2,5199,0.671875,0.5753980875015259,,
2,5249,0.65625,0.5997006893157959,,
2,5299,0.71875,0.535537600517273,,
2,5349,0.6875,0.5942516326904297,,
2,5399,0.6875,0.517783522605896,,
2,5449,0.75,0.5618188381195068,,
2,5499,0.546875,0.6425946950912476,,
2,5549,0.65625,0.6028331518173218,,
2,5599,0.6875,0.6076586246490479,,
2,5649,0.734375,0.5668618083000183,,
2,5699,0.734375,0.5339956283569336,,
2,5747,,,0.6715366244316101,0.5959745049476624
3,5749,0.640625,0.5693820714950562,,
3,5799,0.640625,0.5815306901931763,,
3,5849,0.59375,0.7200535535812378,,
3,5899,0.640625,0.5734761953353882,,
3,5949,0.515625,0.7127393484115601,,
3,5999,0.65625,0.6298301219940186,,
3,6049,0.6875,0.5626986026763916,,
3,6099,0.75,0.5964169502258301,,
3,6149,0.671875,0.5855439901351929,,
3,6199,0.796875,0.5295984745025635,,
3,6249,0.703125,0.5944297909736633,,
3,6299,0.546875,0.717586100101471,,
3,6349,0.734375,0.582085371017456,,
3,6399,0.71875,0.5349592566490173,,
3,6449,0.78125,0.5947812795639038,,
3,6499,0.671875,0.5628849267959595,,
3,6549,0.765625,0.5881412029266357,,
3,6599,0.734375,0.5193341970443726,,
3,6649,0.6875,0.6134004592895508,,
3,6699,0.6875,0.6181766390800476,,
3,6749,0.65625,0.6529675126075745,,
3,6799,0.59375,0.6289465427398682,,
3,6849,0.578125,0.6994103193283081,,
3,6899,0.640625,0.5847910642623901,,
3,6949,0.6875,0.5908761024475098,,
3,6999,0.765625,0.5843399167060852,,
3,7049,0.6875,0.6178059577941895,,
3,7099,0.609375,0.6145102381706238,,
3,7149,0.640625,0.6233444213867188,,
3,7199,0.671875,0.6270477175712585,,
3,7249,0.75,0.5602364540100098,,
3,7299,0.703125,0.5365344285964966,,
3,7349,0.703125,0.584389865398407,,
3,7399,0.625,0.5966595411300659,,
3,7449,0.71875,0.5310177803039551,,
3,7499,0.6875,0.5515936613082886,,
3,7549,0.65625,0.6228804588317871,,
3,7599,0.703125,0.5610350370407104,,
3,7649,0.65625,0.5273500680923462,,
3,7663,,,0.6798326373100281,0.5824428796768188
4,7699,0.609375,0.6268443465232849,,
4,7749,0.75,0.5514966249465942,,
4,7799,0.78125,0.5732738375663757,,
4,7849,0.71875,0.56282639503479,,
4,7899,0.671875,0.6493321657180786,,
4,7949,0.640625,0.6048634052276611,,
4,7999,0.796875,0.5923727750778198,,
4,8049,0.71875,0.5787798166275024,,
4,8099,0.578125,0.6793651580810547,,
4,8149,0.625,0.6625469326972961,,
4,8199,0.5625,0.7682759165763855,,
4,8249,0.5625,0.6879777908325195,,
4,8299,0.703125,0.5525867342948914,,
4,8349,0.6875,0.5634968876838684,,
4,8399,0.671875,0.59678053855896,,
4,8449,0.6875,0.6113784313201904,,
4,8499,0.75,0.5478372573852539,,
4,8549,0.734375,0.5398162007331848,,
4,8599,0.578125,0.6181232929229736,,
4,8649,0.6875,0.5862832069396973,,
4,8699,0.578125,0.7463498115539551,,
4,8749,0.734375,0.555014967918396,,
4,8799,0.859375,0.4522175192832947,,
4,8849,0.65625,0.5802948474884033,,
4,8899,0.625,0.7216423153877258,,
4,8949,0.703125,0.5862008333206177,,
4,8999,0.578125,0.614945650100708,,
4,9049,0.6875,0.5301918387413025,,
4,9099,0.640625,0.5769672393798828,,
4,9149,0.578125,0.663201630115509,,
4,9199,0.671875,0.5854882001876831,,
4,9249,0.671875,0.5936304926872253,,
4,9299,0.703125,0.5471810102462769,,
4,9349,0.625,0.5787054300308228,,
4,9399,0.546875,0.6669728755950928,,
4,9449,0.578125,0.6584175825119019,,
4,9499,0.703125,0.5646480321884155,,
4,9549,0.671875,0.6312340497970581,,
4,9579,,,0.6509066820144653,0.5956965088844299
5,9599,0.640625,0.6453901529312134,,
5,9649,0.75,0.4955352246761322,,
5,9699,0.625,0.5935433506965637,,
5,9749,0.6875,0.603359580039978,,
5,9799,0.65625,0.5941312313079834,,
5,9849,0.65625,0.5924439430236816,,
5,9899,0.6875,0.550193190574646,,
5,9949,0.8125,0.49228838086128235,,
5,9999,0.6875,0.595872163772583,,
5,10049,0.703125,0.571346640586853,,
5,10099,0.734375,0.5487772822380066,,
5,10149,0.671875,0.5464425086975098,,
5,10199,0.65625,0.6631284952163696,,
5,10249,0.625,0.6267866492271423,,
5,10299,0.6875,0.5221790075302124,,
5,10349,0.734375,0.5436397790908813,,
5,10399,0.734375,0.514217734336853,,
5,10449,0.765625,0.5076106190681458,,
5,10499,0.734375,0.5786048173904419,,
5,10549,0.640625,0.6131564378738403,,
5,10599,0.609375,0.6451568007469177,,
5,10649,0.6875,0.5647836923599243,,
5,10699,0.640625,0.5912309885025024,,
5,10749,0.75,0.4960194230079651,,
5,10799,0.75,0.5344536304473877,,
5,10849,0.65625,0.6108560562133789,,
5,10899,0.6875,0.5752179622650146,,
5,10949,0.625,0.6256790161132812,,
5,10999,0.734375,0.5572073459625244,,
5,11049,0.75,0.5228796005249023,,
5,11099,0.671875,0.6052532196044922,,
5,11149,0.625,0.5438419580459595,,
5,11199,0.625,0.5743407011032104,,
5,11249,0.703125,0.5704600811004639,,
5,11299,0.75,0.498037189245224,,
5,11349,0.78125,0.4834766685962677,,
5,11399,0.65625,0.6270063519477844,,
5,11449,0.71875,0.536686360836029,,
5,11495,,,0.6728580594062805,0.5831010937690735
6,11499,0.6875,0.5827460289001465,,
6,11549,0.671875,0.6148065328598022,,
6,11599,0.828125,0.4484316110610962,,
6,11649,0.625,0.655024528503418,,
6,11699,0.6875,0.5643543601036072,,
6,11749,0.65625,0.5332635641098022,,
6,11799,0.671875,0.5655877590179443,,
6,11849,0.703125,0.5056458711624146,,
6,11899,0.671875,0.5675851106643677,,
6,11949,0.703125,0.5421961545944214,,
6,11999,0.703125,0.49984413385391235,,
6,12049,0.671875,0.6105524897575378,,
6,12099,0.6875,0.5377508401870728,,
6,12149,0.671875,0.6629124283790588,,
6,12199,0.671875,0.5619115829467773,,
6,12249,0.78125,0.48065900802612305,,
6,12299,0.609375,0.5819289684295654,,
6,12349,0.671875,0.5729883909225464,,
6,12399,0.75,0.4834273159503937,,
6,12449,0.640625,0.6319751739501953,,
6,12499,0.640625,0.598976731300354,,
6,12549,0.65625,0.6697590351104736,,
6,12599,0.71875,0.5001200437545776,,
6,12649,0.71875,0.5549067258834839,,
6,12699,0.765625,0.4902929365634918,,
6,12749,0.765625,0.5072803497314453,,
6,12799,0.625,0.6079997420310974,,
6,12849,0.734375,0.518885612487793,,
6,12899,0.59375,0.5704632997512817,,
6,12949,0.75,0.5228291749954224,,
6,12999,0.734375,0.5175557136535645,,
6,13049,0.6875,0.5384867191314697,,
6,13099,0.765625,0.5835459232330322,,
6,13149,0.640625,0.6244566440582275,,
6,13199,0.796875,0.47930800914764404,,
6,13249,0.609375,0.6266335248947144,,
6,13299,0.6875,0.5472644567489624,,
6,13349,0.765625,0.5273760557174683,,
6,13399,0.75,0.6055687069892883,,
6,13411,,,0.7015637755393982,0.5585225820541382
7,13449,0.78125,0.5320160984992981,,
7,13499,0.765625,0.5424726009368896,,
7,13549,0.546875,0.7076637744903564,,
7,13599,0.734375,0.549007773399353,,
7,13649,0.6875,0.5552981495857239,,
7,13699,0.734375,0.5560400485992432,,
7,13749,0.75,0.4780636429786682,,
7,13799,0.75,0.5458127856254578,,
7,13849,0.703125,0.5875386595726013,,
7,13899,0.703125,0.5286652445793152,,
7,13949,0.625,0.6175573468208313,,
7,13999,0.78125,0.4623554050922394,,
7,14049,0.71875,0.5549977421760559,,
7,14099,0.71875,0.5390734672546387,,
7,14149,0.765625,0.5530295372009277,,
7,14199,0.828125,0.47539979219436646,,
7,14249,0.75,0.5327618718147278,,
7,14299,0.640625,0.6205352544784546,,
7,14349,0.65625,0.5845973491668701,,
7,14399,0.59375,0.5992308855056763,,
7,14449,0.703125,0.5420383214950562,,
7,14499,0.6875,0.5027690529823303,,
7,14549,0.703125,0.502143919467926,,
7,14599,0.640625,0.5475415587425232,,
7,14649,0.703125,0.5804475545883179,,
7,14699,0.703125,0.5851813554763794,,
7,14749,0.6875,0.5185815691947937,,
7,14799,0.796875,0.5272159576416016,,
7,14849,0.78125,0.48417359590530396,,
7,14899,0.703125,0.5515741109848022,,
7,14949,0.765625,0.47253620624542236,,
7,14999,0.65625,0.5714923143386841,,
7,15049,0.703125,0.5694551467895508,,
7,15099,0.765625,0.4987310469150543,,
7,15149,0.75,0.5260012149810791,,
7,15199,0.71875,0.6631742715835571,,
7,15249,0.765625,0.4615389406681061,,
7,15299,0.703125,0.5926468968391418,,
7,15327,,,0.7096395492553711,0.5508382320404053
8,15349,0.625,0.586408257484436,,
8,15399,0.703125,0.5500301122665405,,
8,15449,0.703125,0.5243625640869141,,
8,15499,0.65625,0.6838430762290955,,
8,15549,0.71875,0.5430538058280945,,
8,15599,0.65625,0.6278669834136963,,
8,15649,0.78125,0.4597891569137573,,
8,15699,0.734375,0.5387334823608398,,
8,15749,0.8125,0.43883275985717773,,
8,15799,0.78125,0.45071297883987427,,
8,15849,0.78125,0.4837130308151245,,
8,15899,0.65625,0.5803181529045105,,
8,15949,0.765625,0.49553555250167847,,
8,15999,0.640625,0.5057863593101501,,
8,16049,0.796875,0.4763474762439728,,
8,16099,0.71875,0.5616616010665894,,
8,16149,0.65625,0.5926679968833923,,
8,16199,0.78125,0.47500190138816833,,
8,16249,0.65625,0.6214988231658936,,
8,16299,0.640625,0.5993305444717407,,
8,16349,0.875,0.5037720799446106,,
8,16399,0.734375,0.5768897533416748,,
8,16449,0.71875,0.5604560971260071,,
8,16499,0.703125,0.5976446866989136,,
8,16549,0.8125,0.45145320892333984,,
8,16599,0.71875,0.5154960751533508,,
8,16649,0.765625,0.4851524829864502,,
8,16699,0.6875,0.5266345739364624,,
8,16749,0.609375,0.6624743342399597,,
8,16799,0.640625,0.5426455736160278,,
8,16849,0.65625,0.5635640025138855,,
8,16899,0.75,0.4614737927913666,,
8,16949,0.703125,0.5838161110877991,,
8,16999,0.625,0.6037523150444031,,
8,17049,0.8125,0.4412077069282532,,
8,17099,0.71875,0.5676470398902893,,
8,17149,0.671875,0.5739458799362183,,
8,17199,0.640625,0.577160120010376,,
8,17243,,,0.7143381834030151,0.5437788963317871
9,17249,0.625,0.7333506345748901,,
9,17299,0.6875,0.621951162815094,,
9,17349,0.59375,0.661920428276062,,
9,17399,0.71875,0.5231944918632507,,
9,17449,0.734375,0.5199294686317444,,
9,17499,0.640625,0.5848261713981628,,
9,17549,0.640625,0.6126658320426941,,
9,17599,0.734375,0.5002561807632446,,
9,17649,0.6875,0.5204026103019714,,
9,17699,0.703125,0.5404086112976074,,
9,17749,0.59375,0.6316407322883606,,
9,17799,0.640625,0.557312548160553,,
9,17849,0.671875,0.5474522709846497,,
9,17899,0.71875,0.5737316608428955,,
9,17949,0.671875,0.6364625692367554,,
9,17999,0.6875,0.5976098775863647,,
9,18049,0.703125,0.5835144519805908,,
9,18099,0.640625,0.6092002391815186,,
9,18149,0.65625,0.6542608141899109,,
9,18199,0.625,0.6349421739578247,,
9,18249,0.671875,0.5620063543319702,,
9,18299,0.703125,0.6367857456207275,,
9,18349,0.609375,0.6577177047729492,,
9,18399,0.765625,0.5306807160377502,,
9,18449,0.75,0.4903714656829834,,
9,18499,0.6875,0.5680884122848511,,
9,18549,0.609375,0.5816290378570557,,
9,18599,0.6875,0.5398532152175903,,
9,18649,0.71875,0.514797568321228,,
9,18699,0.640625,0.5950947999954224,,
9,18749,0.6875,0.4863082766532898,,
9,18799,0.734375,0.4900600016117096,,
9,18849,0.6875,0.5612324476242065,,
9,18899,0.671875,0.5194784998893738,,
9,18949,0.609375,0.6111520528793335,,
9,18999,0.765625,0.4936179518699646,,
9,19049,0.671875,0.6029404401779175,,
9,19099,0.609375,0.6057132482528687,,
9,19149,0.71875,0.5955984592437744,,
9,19159,,,0.6637545228004456,0.5818432569503784
10,19199,0.671875,0.6303904056549072,,
10,19249,0.671875,0.6077100038528442,,
10,19299,0.625,0.5755271911621094,,
10,19349,0.765625,0.5211212635040283,,
10,19399,0.71875,0.6161336898803711,,
10,19449,0.6875,0.5359042882919312,,
10,19499,0.671875,0.5778532028198242,,
10,19549,0.671875,0.5549510717391968,,
10,19599,0.625,0.5510252118110657,,
10,19649,0.6875,0.5768842101097107,,
10,19699,0.71875,0.5267218351364136,,
10,19749,0.671875,0.5133582353591919,,
10,19799,0.640625,0.5836544036865234,,
10,19849,0.75,0.5264112949371338,,
10,19899,0.625,0.627912700176239,,
10,19949,0.703125,0.5052422285079956,,
10,19999,0.71875,0.5135461091995239,,
10,20049,0.703125,0.5267003774642944,,
10,20099,0.625,0.5985383987426758,,
10,20149,0.625,0.6259120106697083,,
10,20199,0.625,0.5784055590629578,,
10,20249,0.703125,0.5150776505470276,,
10,20299,0.59375,0.6221516728401184,,
10,20349,0.8125,0.4494073987007141,,
10,20399,0.671875,0.5567591190338135,,
10,20449,0.6875,0.5853117108345032,,
10,20499,0.6875,0.6302878856658936,,
10,20549,0.609375,0.6655478477478027,,
10,20599,0.78125,0.5119925141334534,,
10,20649,0.734375,0.5729079842567444,,
10,20699,0.6875,0.5856134295463562,,
10,20749,0.65625,0.631747841835022,,
10,20799,0.765625,0.44995564222335815,,
10,20849,0.6875,0.556728720664978,,
10,20899,0.671875,0.5779635906219482,,
10,20949,0.734375,0.5817107558250427,,
10,20999,0.640625,0.600017786026001,,
10,21049,0.75,0.5624706149101257,,
10,21075,,,0.6878349781036377,0.5634625554084778
11,21099,0.734375,0.5558381080627441,,
11,21149,0.734375,0.5137814879417419,,
11,21199,0.734375,0.510955810546875,,
11,21249,0.734375,0.4863492250442505,,
11,21299,0.640625,0.6152469515800476,,
11,21349,0.640625,0.606546938419342,,
11,21399,0.609375,0.6611780524253845,,
11,21449,0.796875,0.48029372096061707,,
11,21499,0.671875,0.5018081665039062,,
11,21549,0.71875,0.48850715160369873,,
11,21599,0.6875,0.5374060869216919,,
11,21649,0.828125,0.4212453365325928,,
11,21699,0.640625,0.5525556802749634,,
11,21749,0.71875,0.5411968231201172,,
11,21799,0.703125,0.5672575235366821,,
11,21849,0.671875,0.5825803279876709,,
11,21899,0.71875,0.4944359064102173,,
11,21949,0.671875,0.5845962166786194,,
11,21999,0.75,0.45035475492477417,,
11,22049,0.75,0.5319421291351318,,
11,22099,0.734375,0.5108503103256226,,
11,22149,0.734375,0.5376938581466675,,
11,22199,0.6875,0.5318366289138794,,
11,22249,0.703125,0.547521710395813,,
11,22299,0.703125,0.557796835899353,,
11,22349,0.765625,0.5118153095245361,,
11,22399,0.765625,0.4588572382926941,,
11,22449,0.640625,0.5455867052078247,,
11,22499,0.703125,0.4916474223136902,,
11,22549,0.734375,0.5011173486709595,,
11,22599,0.796875,0.5528326034545898,,
11,22649,0.734375,0.5000056028366089,,
11,22699,0.6875,0.5367123484611511,,
11,22749,0.78125,0.49312856793403625,,
11,22799,0.6875,0.5525453686714172,,
11,22849,0.75,0.46369612216949463,,
11,22899,0.75,0.5342007875442505,,
11,22949,0.6875,0.5442172884941101,,
11,22991,,,0.7075104713439941,0.5392720103263855
12,22999,0.828125,0.5290651321411133,,
12,23049,0.71875,0.6279374361038208,,
12,23099,0.828125,0.4637409448623657,,
12,23149,0.84375,0.48470860719680786,,
12,23199,0.734375,0.5036100149154663,,
12,23249,0.703125,0.48145994544029236,,
12,23299,0.703125,0.5336146950721741,,
12,23349,0.703125,0.6040868759155273,,
12,23399,0.78125,0.5002871155738831,,
12,23449,0.78125,0.5021994709968567,,
12,23499,0.84375,0.38574138283729553,,
12,23549,0.796875,0.4538613557815552,,
12,23599,0.75,0.4636603593826294,,
12,23649,0.671875,0.5299804210662842,,
12,23699,0.734375,0.5966715812683105,,
12,23749,0.703125,0.49847841262817383,,
12,23799,0.65625,0.6714916229248047,,
12,23849,0.828125,0.42913389205932617,,
12,23899,0.71875,0.5348362326622009,,
12,23949,0.625,0.6089745163917542,,
12,23999,0.71875,0.49962157011032104,,
12,24049,0.703125,0.5228169560432434,,
12,24099,0.703125,0.5741980075836182,,
12,24149,0.71875,0.598632276058197,,
12,24199,0.796875,0.48053765296936035,,
12,24249,0.734375,0.501093864440918,,
12,24299,0.703125,0.5388799905776978,,
12,24349,0.640625,0.649503231048584,,
12,24399,0.6875,0.5429592728614807,,
12,24449,0.6875,0.5375853776931763,,
12,24499,0.671875,0.5775020718574524,,
12,24549,0.796875,0.4346967935562134,,
12,24599,0.765625,0.49760323762893677,,
12,24649,0.671875,0.5968526601791382,,
12,24699,0.65625,0.5559027194976807,,
12,24749,0.765625,0.46959608793258667,,
12,24799,0.75,0.4649604558944702,,
12,24849,0.796875,0.4401019215583801,,
12,24899,0.75,0.4741644859313965,,
12,24907,,,0.651494026184082,0.6219006180763245
13,24949,0.6875,0.5245234370231628,,
13,24999,0.671875,0.5894621014595032,,
13,25049,0.828125,0.45625072717666626,,
13,25099,0.71875,0.5419994592666626,,
13,25149,0.78125,0.5276358127593994,,
13,25199,0.65625,0.5673308372497559,,
13,25249,0.703125,0.5412865877151489,,
13,25299,0.78125,0.47670409083366394,,
13,25349,0.671875,0.5949420928955078,,
13,25399,0.71875,0.512249231338501,,
13,25449,0.765625,0.4484504461288452,,
13,25499,0.78125,0.45452508330345154,,
13,25549,0.75,0.4398149251937866,,
13,25599,0.640625,0.5391594171524048,,
13,25649,0.671875,0.5134010314941406,,
13,25699,0.765625,0.46130889654159546,,
13,25749,0.84375,0.3995285630226135,,
13,25799,0.625,0.6102486848831177,,
13,25849,0.734375,0.5030151009559631,,
13,25899,0.734375,0.4777062237262726,,
13,25949,0.734375,0.5736170411109924,,
13,25999,0.8125,0.4242229163646698,,
13,26049,0.75,0.5243661403656006,,
13,26099,0.625,0.5682937502861023,,
13,26149,0.75,0.5624997615814209,,
13,26199,0.796875,0.47088390588760376,,
13,26249,0.75,0.5217310190200806,,
13,26299,0.8125,0.4992080628871918,,
13,26349,0.71875,0.49157264828681946,,
13,26399,0.78125,0.42000436782836914,,
13,26449,0.703125,0.5532042980194092,,
13,26499,0.765625,0.48671790957450867,,
13,26549,0.71875,0.5266146063804626,,
13,26599,0.765625,0.476596474647522,,
13,26649,0.71875,0.5536014437675476,,
13,26699,0.640625,0.5676633715629578,,
13,26749,0.671875,0.521373450756073,,
13,26799,0.8125,0.42625147104263306,,
13,26823,,,0.701930820941925,0.546675443649292
14,26849,0.765625,0.45546025037765503,,
14,26899,0.78125,0.4479297399520874,,
14,26949,0.765625,0.4019755721092224,,
14,26999,0.71875,0.5938678979873657,,
14,27049,0.796875,0.43173283338546753,,
14,27099,0.734375,0.5326943397521973,,
14,27149,0.765625,0.47449976205825806,,
14,27199,0.640625,0.5320324301719666,,
14,27249,0.578125,0.5643800497055054,,
14,27299,0.671875,0.5203186273574829,,
14,27349,0.703125,0.7171247005462646,,
14,27399,0.6875,0.5271029472351074,,
14,27449,0.71875,0.48939645290374756,,
14,27499,0.75,0.502669632434845,,
14,27549,0.75,0.49925994873046875,,
14,27599,0.71875,0.5083433389663696,,
14,27649,0.734375,0.5695996284484863,,
14,27699,0.78125,0.5274257063865662,,
14,27749,0.65625,0.6018819808959961,,
14,27799,0.609375,0.7086994647979736,,
14,27849,0.765625,0.4975367486476898,,
14,27899,0.734375,0.49498450756073,,
14,27949,0.703125,0.5558767318725586,,
14,27999,0.734375,0.4968028664588928,,
14,28049,0.734375,0.5118237733840942,,
14,28099,0.640625,0.5567709803581238,,
14,28149,0.75,0.5044752955436707,,
14,28199,0.703125,0.53160560131073,,
14,28249,0.78125,0.4518626928329468,,
14,28299,0.703125,0.543304443359375,,
14,28349,0.8125,0.43030619621276855,,
14,28399,0.78125,0.4697538912296295,,
14,28449,0.65625,0.515251100063324,,
14,28499,0.71875,0.528437077999115,,
14,28549,0.84375,0.38315609097480774,,
14,28599,0.65625,0.6064162254333496,,
14,28649,0.703125,0.48206889629364014,,
14,28699,0.734375,0.5260934829711914,,
14,28739,,,0.7069231271743774,0.5461112856864929
15,28749,0.828125,0.4615345597267151,,
15,28799,0.640625,0.5522173047065735,,
15,28849,0.765625,0.44877779483795166,,
15,28899,0.703125,0.5060520768165588,,
15,28949,0.75,0.5305453538894653,,
15,28999,0.75,0.4655521512031555,,
15,29049,0.796875,0.46058928966522217,,
15,29099,0.65625,0.513662576675415,,
15,29149,0.828125,0.39940425753593445,,
15,29199,0.671875,0.5927211046218872,,
15,29249,0.734375,0.5443222522735596,,
15,29299,0.6875,0.5526098012924194,,
15,29349,0.6875,0.5134244561195374,,
15,29399,0.765625,0.525631308555603,,
15,29449,0.75,0.4809335768222809,,
15,29499,0.6875,0.48578113317489624,,
15,29549,0.78125,0.4328758716583252,,
15,29599,0.75,0.5027858018875122,,
15,29649,0.65625,0.5479503870010376,,
15,29699,0.671875,0.5014573335647583,,
15,29749,0.671875,0.5550953149795532,,
15,29799,0.8125,0.39046069979667664,,
15,29849,0.703125,0.5714057683944702,,
15,29899,0.734375,0.47529876232147217,,
15,29949,0.734375,0.461710661649704,,
15,29999,0.75,0.4761667251586914,,
15,30049,0.765625,0.47681504487991333,,
15,30099,0.75,0.47211506962776184,,
15,30149,0.75,0.49917173385620117,,
15,30199,0.703125,0.5973608493804932,,
15,30249,0.71875,0.5032331943511963,,
15,30299,0.71875,0.45739883184432983,,
15,30349,0.703125,0.5312126874923706,,
15,30399,0.796875,0.5059601068496704,,
15,30449,0.5625,0.6070736646652222,,
15,30499,0.703125,0.49466508626937866,,
15,30549,0.671875,0.5657011866569519,,
15,30599,0.625,0.5581094622612,,
15,30649,0.78125,0.4891785979270935,,
15,30655,,,0.7288011312484741,0.5118942856788635
16,30699,0.734375,0.5061371922492981,,
16,30749,0.6875,0.6161259412765503,,
16,30799,0.640625,0.6193051338195801,,
16,30849,0.78125,0.4315105676651001,,
16,30899,0.703125,0.5114468932151794,,
16,30949,0.796875,0.4996989369392395,,
16,30999,0.765625,0.5099471211433411,,
16,31049,0.75,0.49308812618255615,,
16,31099,0.734375,0.4947408139705658,,
16,31149,0.734375,0.48847782611846924,,
16,31199,0.671875,0.5821782946586609,,
16,31249,0.765625,0.5577603578567505,,
16,31299,0.703125,0.6225296258926392,,
16,31349,0.71875,0.4788378179073334,,
16,31399,0.78125,0.46021002531051636,,
16,31449,0.6875,0.6189397573471069,,
16,31499,0.703125,0.5599019527435303,,
16,31549,0.6875,0.5032181739807129,,
16,31599,0.78125,0.4663066864013672,,
16,31649,0.828125,0.424267053604126,,
16,31699,0.734375,0.4722348749637604,,
16,31749,0.71875,0.472994863986969,,
16,31799,0.703125,0.59481281042099,,
16,31849,0.734375,0.5266914963722229,,
16,31899,0.734375,0.48547986149787903,,
16,31949,0.65625,0.5478527545928955,,
16,31999,0.71875,0.5328313708305359,,
16,32049,0.8125,0.4366493821144104,,
16,32099,0.71875,0.48748844861984253,,
16,32149,0.734375,0.530051589012146,,
16,32199,0.828125,0.3922227919101715,,
16,32249,0.75,0.4966849684715271,,
16,32299,0.6875,0.527616024017334,,
16,32349,0.84375,0.4914224147796631,,
16,32399,0.671875,0.5923677682876587,,
16,32449,0.796875,0.41557931900024414,,
16,32499,0.71875,0.47509872913360596,,
16,32549,0.78125,0.47989633679389954,,
16,32571,,,0.7178621292114258,0.5241185426712036
17,32599,0.765625,0.48354941606521606,,
17,32649,0.671875,0.5173333883285522,,
17,32699,0.703125,0.5284194946289062,,
17,32749,0.75,0.5310959815979004,,
17,32799,0.75,0.49325424432754517,,
17,32849,0.671875,0.5015231966972351,,
17,32899,0.75,0.5153541564941406,,
17,32949,0.8125,0.46211376786231995,,
17,32999,0.6875,0.5979146957397461,,
17,33049,0.734375,0.6256842613220215,,
17,33099,0.671875,0.5327296257019043,,
17,33149,0.640625,0.5869522094726562,,
17,33199,0.71875,0.5732510685920715,,
17,33249,0.765625,0.4805731475353241,,
17,33299,0.734375,0.532058596611023,,
17,33349,0.78125,0.45765402913093567,,
17,33399,0.640625,0.5753282904624939,,
17,33449,0.859375,0.38125771284103394,,
17,33499,0.75,0.5173794627189636,,
17,33549,0.6875,0.5865851044654846,,
17,33599,0.671875,0.515049934387207,,
17,33649,0.65625,0.6505606174468994,,
17,33699,0.671875,0.47946691513061523,,
17,33749,0.734375,0.5195499062538147,,
17,33799,0.578125,0.6589133739471436,,
17,33849,0.703125,0.6468842029571533,,
17,33899,0.78125,0.5010650753974915,,
17,33949,0.78125,0.4445740580558777,,
17,33999,0.71875,0.48097044229507446,,
17,34049,0.765625,0.4653698205947876,,
17,34099,0.703125,0.5363672375679016,,
17,34149,0.75,0.4918493628501892,,
17,34199,0.796875,0.45197391510009766,,
17,34249,0.75,0.488344669342041,,
17,34299,0.71875,0.48651161789894104,,
17,34349,0.828125,0.4013524055480957,,
17,34399,0.703125,0.48653072118759155,,
17,34449,0.71875,0.5744141340255737,,
17,34487,,,0.6310109496116638,0.6241322755813599
18,34499,0.75,0.5109676718711853,,
18,34549,0.71875,0.5488896369934082,,
18,34599,0.796875,0.4810013771057129,,
18,34649,0.75,0.5073242783546448,,
18,34699,0.78125,0.4476563036441803,,
18,34749,0.75,0.48622268438339233,,
18,34799,0.734375,0.49335047602653503,,
18,34849,0.796875,0.4176216125488281,,
18,34899,0.71875,0.5223464369773865,,
18,34949,0.6875,0.5152300596237183,,
18,34999,0.765625,0.5025340914726257,,
18,35049,0.734375,0.4616144299507141,,
18,35099,0.734375,0.5376909971237183,,
18,35149,0.765625,0.5469017624855042,,
18,35199,0.78125,0.4657284617424011,,
18,35249,0.734375,0.4500311613082886,,
18,35299,0.71875,0.5255138874053955,,
18,35349,0.8125,0.48632046580314636,,
18,35399,0.796875,0.38707131147384644,,
18,35449,0.703125,0.49537503719329834,,
18,35499,0.8125,0.4493315815925598,,
18,35549,0.75,0.5606298446655273,,
18,35599,0.671875,0.5205516815185547,,
18,35649,0.828125,0.39569729566574097,,
18,35699,0.796875,0.4701734781265259,,
18,35749,0.71875,0.4985542893409729,,
18,35799,0.75,0.4430319368839264,,
18,35849,0.75,0.5232775211334229,,
18,35899,0.8125,0.3867637813091278,,
18,35949,0.625,0.660809338092804,,
18,35999,0.640625,0.6060546636581421,,
18,36049,0.78125,0.4317149817943573,,
18,36099,0.796875,0.5678762197494507,,
18,36149,0.765625,0.4483028054237366,,
18,36199,0.734375,0.4521203935146332,,
18,36249,0.734375,0.522077202796936,,
18,36299,0.65625,0.575077474117279,,
18,36349,0.828125,0.4081094264984131,,
18,36399,0.8125,0.49092426896095276,,
18,36403,,,0.6756479144096375,0.5809919238090515
19,36449,0.734375,0.48818379640579224,,
19,36499,0.734375,0.47872740030288696,,
19,36549,0.703125,0.46535611152648926,,
19,36599,0.765625,0.5491253137588501,,
19,36649,0.640625,0.6024318933486938,,
19,36699,0.71875,0.5230474472045898,,
19,36749,0.78125,0.45338213443756104,,
19,36799,0.796875,0.5107913017272949,,
19,36849,0.78125,0.5036313533782959,,
19,36899,0.671875,0.6054355502128601,,
19,36949,0.734375,0.5790809392929077,,
19,36999,0.640625,0.5626142621040344,,
19,37049,0.65625,0.5194734334945679,,
19,37099,0.625,0.5779744386672974,,
19,37149,0.765625,0.4310908317565918,,
19,37199,0.71875,0.47934091091156006,,
19,37249,0.765625,0.4753255546092987,,
19,37299,0.71875,0.5318019390106201,,
19,37349,0.703125,0.48186200857162476,,
19,37399,0.6875,0.5164118409156799,,
19,37449,0.71875,0.5657651424407959,,
19,37499,0.640625,0.5771034955978394,,
19,37549,0.78125,0.41970598697662354,,
19,37599,0.703125,0.5433738827705383,,
19,37649,0.765625,0.4348762631416321,,
19,37699,0.765625,0.49995362758636475,,
19,37749,0.71875,0.46464622020721436,,
19,37799,0.6875,0.5729880928993225,,
19,37849,0.6875,0.5251182913780212,,
19,37899,0.734375,0.5004374980926514,,
19,37949,0.703125,0.5617657899856567,,
19,37999,0.84375,0.38101911544799805,,
19,38049,0.78125,0.4421462416648865,,
19,38099,0.71875,0.5598002672195435,,
19,38149,0.796875,0.492990106344223,,
19,38199,0.6875,0.4986434578895569,,
19,38249,0.78125,0.43058258295059204,,
19,38299,0.8125,0.4721758961677551,,
19,38319,,,0.7195506691932678,0.5250896215438843
20,38349,0.828125,0.435087114572525,,
20,38399,0.828125,0.5275766253471375,,
20,38449,0.703125,0.5454891920089722,,
20,38499,0.703125,0.5439272522926331,,
20,38549,0.796875,0.44468456506729126,,
20,38599,0.859375,0.4059242010116577,,
20,38649,0.671875,0.6612545251846313,,
20,38699,0.71875,0.5425596833229065,,
20,38749,0.71875,0.5453702211380005,,
20,38799,0.765625,0.4973791539669037,,
20,38849,0.734375,0.4779905080795288,,
20,38899,0.703125,0.5220601558685303,,
20,38949,0.75,0.4797133207321167,,
20,38999,0.734375,0.5325446128845215,,
20,39049,0.640625,0.5161867141723633,,
20,39099,0.78125,0.4894506335258484,,
20,39149,0.8125,0.36764150857925415,,
20,39199,0.71875,0.6340373754501343,,
20,39249,0.765625,0.4535040855407715,,
20,39299,0.765625,0.3939038813114166,,
20,39349,0.75,0.559124231338501,,
20,39399,0.796875,0.4311750531196594,,
20,39449,0.84375,0.4422513246536255,,
20,39499,0.625,0.6170899868011475,,
20,39549,0.6875,0.5286920070648193,,
20,39599,0.765625,0.498338907957077,,
20,39649,0.796875,0.4334859848022461,,
20,39699,0.78125,0.4979606866836548,,
20,39749,0.75,0.46062004566192627,,
20,39799,0.765625,0.4964712858200073,,
20,39849,0.765625,0.5612353086471558,,
20,39899,0.8125,0.45501694083213806,,
20,39949,0.578125,0.5733629465103149,,
20,39999,0.828125,0.42750638723373413,,
20,40049,0.65625,0.6680220365524292,,
20,40099,0.765625,0.46791964769363403,,
20,40149,0.71875,0.4816732406616211,,
20,40199,0.71875,0.5179359912872314,,
20,40235,,,0.7079509496688843,0.5318193435668945
21,40249,0.75,0.5059348344802856,,
21,40299,0.875,0.38389885425567627,,
21,40349,0.6875,0.6021522283554077,,
21,40399,0.671875,0.5788484811782837,,
21,40449,0.75,0.48368293046951294,,
21,40499,0.671875,0.4733653664588928,,
21,40549,0.734375,0.5379319190979004,,
21,40599,0.734375,0.5008221864700317,,
21,40649,0.671875,0.5994864106178284,,
21,40699,0.703125,0.6212798357009888,,
21,40749,0.703125,0.5018113255500793,,
21,40799,0.78125,0.4554169774055481,,
21,40849,0.765625,0.5148415565490723,,
21,40899,0.75,0.5305043458938599,,
21,40949,0.71875,0.45874178409576416,,
21,40999,0.828125,0.45924556255340576,,
21,41049,0.6875,0.5039018392562866,,
21,41099,0.75,0.5075372457504272,,
21,41149,0.796875,0.5217030644416809,,
21,41199,0.625,0.5654803514480591,,
21,41249,0.703125,0.514229416847229,,
21,41299,0.6875,0.5400304794311523,,
21,41349,0.796875,0.4410165548324585,,
21,41399,0.71875,0.46677160263061523,,
21,41449,0.671875,0.6066084504127502,,
21,41499,0.578125,0.5877960920333862,,
21,41549,0.578125,0.657853364944458,,
21,41599,0.703125,0.5582630634307861,,
21,41649,0.65625,0.6112034320831299,,
21,41699,0.75,0.5013141632080078,,
21,41749,0.78125,0.4396214187145233,,
21,41799,0.734375,0.4876542389392853,,
21,41849,0.6875,0.5242224931716919,,
21,41899,0.796875,0.42223620414733887,,
21,41949,0.765625,0.4145757555961609,,
21,41999,0.71875,0.565992534160614,,
21,42049,0.640625,0.5569945573806763,,
21,42099,0.671875,0.5133119821548462,,
21,42149,0.859375,0.4492466449737549,,
21,42151,,,0.5639086961746216,1.0623724460601807
22,42199,0.71875,0.5940174460411072,,
22,42249,0.765625,0.4708651900291443,,
22,42299,0.703125,0.603756308555603,,
22,42349,0.625,0.5728848576545715,,
22,42399,0.703125,0.5410363674163818,,
22,42449,0.78125,0.5249112844467163,,
22,42499,0.75,0.47317489981651306,,
22,42549,0.765625,0.46059343218803406,,
22,42599,0.75,0.5339019298553467,,
22,42649,0.765625,0.45298072695732117,,
22,42699,0.8125,0.4200265109539032,,
22,42749,0.796875,0.5078600645065308,,
22,42799,0.796875,0.49246686697006226,,
22,42849,0.734375,0.45230990648269653,,
22,42899,0.78125,0.4249555468559265,,
22,42949,0.796875,0.4693663418292999,,
22,42999,0.671875,0.5172544121742249,,
22,43049,0.6875,0.5232202410697937,,
22,43099,0.78125,0.44004344940185547,,
22,43149,0.765625,0.4084794521331787,,
22,43199,0.703125,0.5573897957801819,,
22,43249,0.671875,0.5065063238143921,,
22,43299,0.78125,0.4550168514251709,,
22,43349,0.671875,0.551709771156311,,
22,43399,0.78125,0.41159486770629883,,
22,43449,0.6875,0.5360217094421387,,
22,43499,0.640625,0.5558775663375854,,
22,43549,0.703125,0.5307615995407104,,
22,43599,0.75,0.5033702850341797,,
22,43649,0.765625,0.49451783299446106,,
22,43699,0.671875,0.5750858187675476,,
22,43749,0.828125,0.3726271986961365,,
22,43799,0.734375,0.44719311594963074,,
22,43849,0.703125,0.5117628574371338,,
22,43899,0.75,0.4921136498451233,,
22,43949,0.78125,0.45243188738822937,,
22,43999,0.796875,0.5086569786071777,,
22,44049,0.6875,0.5140263438224792,,
22,44067,,,0.715586245059967,0.5232715010643005
23,44099,0.703125,0.5024186372756958,,
23,44149,0.78125,0.4697660207748413,,
23,44199,0.6875,0.5872066617012024,,
23,44249,0.671875,0.459827184677124,,
23,44299,0.796875,0.42191874980926514,,
23,44349,0.734375,0.4583853483200073,,
23,44399,0.796875,0.449862539768219,,
23,44449,0.6875,0.494581013917923,,
23,44499,0.734375,0.4643314778804779,,
23,44549,0.796875,0.4361506700515747,,
23,44599,0.75,0.6093897223472595,,
23,44649,0.6875,0.4727924168109894,,
23,44699,0.71875,0.4971374273300171,,
23,44749,0.734375,0.514565110206604,,
23,44799,0.734375,0.5056222081184387,,
23,44849,0.6875,0.5181936025619507,,
23,44899,0.75,0.38051462173461914,,
23,44949,0.65625,0.5960537791252136,,
23,44999,0.78125,0.43982192873954773,,
23,45049,0.59375,0.5939525365829468,,
23,45099,0.703125,0.5699552893638611,,
23,45149,0.75,0.4833129346370697,,
23,45199,0.75,0.509947657585144,,
23,45249,0.75,0.6578577756881714,,
23,45299,0.65625,0.5462671518325806,,
23,45349,0.78125,0.4921862781047821,,
23,45399,0.765625,0.5035299062728882,,
23,45449,0.765625,0.43446820974349976,,
23,45499,0.828125,0.45066070556640625,,
23,45549,0.703125,0.510725200176239,,
23,45599,0.734375,0.5424153208732605,,
23,45649,0.78125,0.46602964401245117,,
23,45699,0.78125,0.4570377469062805,,
23,45749,0.640625,0.6006979942321777,,
23,45799,0.734375,0.4595758318901062,,
23,45849,0.796875,0.4514905512332916,,
23,45899,0.703125,0.610236406326294,,
23,45949,0.796875,0.49314868450164795,,
23,45983,,,0.6906247735023499,0.5493495464324951
24,45999,0.71875,0.5141134262084961,,
24,46049,0.71875,0.48815762996673584,,
24,46099,0.765625,0.45636242628097534,,
24,46149,0.6875,0.5119187831878662,,
24,46199,0.765625,0.5005195140838623,,
24,46249,0.765625,0.49815797805786133,,
24,46299,0.78125,0.41669291257858276,,
24,46349,0.8125,0.4214050769805908,,
24,46399,0.828125,0.3981948494911194,,
24,46449,0.65625,0.49322426319122314,,
24,46499,0.828125,0.4376690685749054,,
24,46549,0.890625,0.39889436960220337,,
24,46599,0.671875,0.5982080698013306,,
24,46649,0.6875,0.5842642784118652,,
24,46699,0.734375,0.47234421968460083,,
24,46749,0.625,0.5899374485015869,,
24,46799,0.703125,0.539228081703186,,
24,46849,0.734375,0.5379178524017334,,
24,46899,0.78125,0.4249691963195801,,
24,46949,0.796875,0.4679206907749176,,
24,46999,0.671875,0.6527366042137146,,
24,47049,0.875,0.38706597685813904,,
24,47099,0.703125,0.461433082818985,,
24,47149,0.78125,0.4236193895339966,,
24,47199,0.796875,0.5607893466949463,,
24,47249,0.640625,0.5108159184455872,,
24,47299,0.828125,0.43872928619384766,,
24,47349,0.78125,0.4816371202468872,,
24,47399,0.796875,0.44641900062561035,,
24,47449,0.734375,0.4148356318473816,,
24,47499,0.765625,0.5087099075317383,,
24,47549,0.75,0.45963358879089355,,
24,47599,0.84375,0.492657870054245,,
24,47649,0.703125,0.48150235414505005,,
24,47699,0.703125,0.5266497731208801,,
24,47749,0.703125,0.45288076996803284,,
24,47799,0.828125,0.44901028275489807,,
24,47849,0.828125,0.4047088623046875,,
24,47899,0.6363636255264282,0.5501357316970825,,
24,47899,,,0.740694522857666,0.4909323751926422
25,47949,0.734375,0.4730909466743469,,
25,47999,0.765625,0.49010616540908813,,
25,48049,0.796875,0.4714982807636261,,
25,48099,0.734375,0.5265241265296936,,
25,48149,0.78125,0.4242315888404846,,
25,48199,0.71875,0.4909898638725281,,
25,48249,0.703125,0.5369390249252319,,
25,48299,0.703125,0.5069683790206909,,
25,48349,0.640625,0.5834789276123047,,
25,48399,0.609375,0.5426992177963257,,
25,48449,0.796875,0.42203933000564575,,
25,48499,0.765625,0.46682021021842957,,
25,48549,0.671875,0.5665102005004883,,
25,48599,0.734375,0.45420682430267334,,
25,48649,0.71875,0.5147256851196289,,
25,48699,0.796875,0.5100144147872925,,
25,48749,0.6875,0.48066550493240356,,
25,48799,0.78125,0.432224303483963,,
25,48849,0.765625,0.41360044479370117,,
25,48899,0.828125,0.47179079055786133,,
25,48949,0.6875,0.5414378643035889,,
25,48999,0.796875,0.40403130650520325,,
25,49049,0.828125,0.42738088965415955,,
25,49099,0.765625,0.4709703326225281,,
25,49149,0.734375,0.4580846428871155,,
25,49199,0.734375,0.5013511776924133,,
25,49249,0.71875,0.5014753937721252,,
25,49299,0.75,0.5216200351715088,,
25,49349,0.765625,0.40293920040130615,,
25,49399,0.71875,0.5738324522972107,,
25,49449,0.78125,0.5017290115356445,,
25,49499,0.71875,0.5186095237731934,,
25,49549,0.796875,0.4853484034538269,,
25,49599,0.78125,0.39865005016326904,,
25,49649,0.640625,0.5958583354949951,,
25,49699,0.78125,0.4302862882614136,,
25,49749,0.734375,0.5030261278152466,,
25,49799,0.859375,0.4385364353656769,,
25,49815,,,0.7492842078208923,0.4869116544723511
26,49849,0.8125,0.43389958143234253,,
26,49899,0.734375,0.4507412910461426,,
26,49949,0.6875,0.5305345058441162,,
26,49999,0.796875,0.44946718215942383,,
26,50049,0.828125,0.42824065685272217,,
26,50099,0.734375,0.5008910298347473,,
26,50149,0.71875,0.45686936378479004,,
26,50199,0.671875,0.5497105717658997,,
26,50249,0.796875,0.4626289904117584,,
26,50299,0.84375,0.4503067135810852,,
26,50349,0.734375,0.503514289855957,,
26,50399,0.75,0.6064627170562744,,
26,50449,0.75,0.43577152490615845,,
26,50499,0.75,0.47491639852523804,,
26,50549,0.765625,0.5115553140640259,,
26,50599,0.78125,0.5208122730255127,,
26,50649,0.71875,0.5261859893798828,,
26,50699,0.78125,0.5198537111282349,,
26,50749,0.875,0.36032935976982117,,
26,50799,0.734375,0.42849811911582947,,
26,50849,0.84375,0.4065589904785156,,
26,50899,0.75,0.4250388741493225,,
26,50949,0.6875,0.5320773124694824,,
26,50999,0.859375,0.37597009539604187,,
26,51049,0.734375,0.4848325252532959,,
26,51099,0.890625,0.37114769220352173,,
26,51149,0.734375,0.4911922812461853,,
26,51199,0.71875,0.540841817855835,,
26,51249,0.625,0.6476500034332275,,
26,51299,0.671875,0.5427564382553101,,
26,51349,0.796875,0.42824870347976685,,
26,51399,0.6875,0.6578666567802429,,
26,51449,0.734375,0.49857550859451294,,
26,51499,0.65625,0.6133154630661011,,
26,51549,0.796875,0.425742506980896,,
26,51599,0.59375,0.6845974326133728,,
26,51649,0.828125,0.46722397208213806,,
26,51699,0.75,0.5244232416152954,,
26,51731,,,0.7216063141822815,0.5194962024688721
27,51749,0.765625,0.40941664576530457,,
27,51799,0.84375,0.4002082347869873,,
27,51849,0.71875,0.5180590152740479,,
27,51899,0.734375,0.5276269316673279,,
27,51949,0.84375,0.4099326729774475,,
27,51999,0.75,0.5161327719688416,,
27,52049,0.75,0.5134268403053284,,
27,52099,0.78125,0.44679880142211914,,
27,52149,0.734375,0.45780816674232483,,
27,52199,0.671875,0.578644871711731,,
27,52249,0.84375,0.3827536702156067,,
27,52299,0.75,0.47499746084213257,,
27,52349,0.703125,0.5433193445205688,,
27,52399,0.6875,0.5263898968696594,,
27,52449,0.734375,0.4729797840118408,,
27,52499,0.8125,0.4562801122665405,,
27,52549,0.6875,0.5133498907089233,,
27,52599,0.75,0.5305991172790527,,
27,52649,0.71875,0.587189793586731,,
27,52699,0.703125,0.5430760383605957,,
27,52749,0.796875,0.42344605922698975,,
27,52799,0.796875,0.42760169506073,,
27,52849,0.796875,0.38061243295669556,,
27,52899,0.703125,0.4843635559082031,,
27,52949,0.671875,0.5896056294441223,,
27,52999,0.71875,0.4605919122695923,,
27,53049,0.734375,0.5907244682312012,,
27,53099,0.796875,0.42027178406715393,,
27,53149,0.734375,0.4631636440753937,,
27,53199,0.796875,0.4252828359603882,,
27,53249,0.765625,0.550100564956665,,
27,53299,0.671875,0.6047393083572388,,
27,53349,0.765625,0.5811630487442017,,
27,53399,0.796875,0.47193121910095215,,
27,53449,0.765625,0.442604124546051,,
27,53499,0.703125,0.514712929725647,,
27,53549,0.71875,0.47078555822372437,,
27,53599,0.765625,0.48800647258758545,,
27,53647,,,0.7227075695991516,0.5109763741493225
28,53649,0.796875,0.43433651328086853,,
28,53699,0.84375,0.44246357679367065,,
28,53749,0.640625,0.5729050636291504,,
28,53799,0.859375,0.3945387005805969,,
28,53849,0.625,0.5956195592880249,,
28,53899,0.734375,0.40105417370796204,,
28,53949,0.734375,0.5124505758285522,,
28,53999,0.796875,0.4395733177661896,,
28,54049,0.8125,0.40125828981399536,,
28,54099,0.8125,0.44108492136001587,,
28,54149,0.828125,0.48957061767578125,,
28,54199,0.703125,0.5211094617843628,,
28,54249,0.671875,0.5479336380958557,,
28,54299,0.8125,0.45753055810928345,,
28,54349,0.71875,0.5791111588478088,,
28,54399,0.59375,0.6214054226875305,,
28,54449,0.84375,0.38196808099746704,,
28,54499,0.71875,0.5752416849136353,,
28,54549,0.796875,0.4713640809059143,,
28,54599,0.75,0.49437209963798523,,
28,54649,0.765625,0.43857717514038086,,
28,54699,0.75,0.4601229429244995,,
28,54749,0.75,0.4441693425178528,,
28,54799,0.6875,0.6221305727958679,,
28,54849,0.734375,0.48079296946525574,,
28,54899,0.796875,0.49688369035720825,,
28,54949,0.8125,0.3885866403579712,,
28,54999,0.734375,0.5085741281509399,,
28,55049,0.703125,0.5535057783126831,,
28,55099,0.734375,0.5135363340377808,,
28,55149,0.78125,0.5064926147460938,,
28,55199,0.84375,0.4024474024772644,,
28,55249,0.734375,0.5005332231521606,,
28,55299,0.765625,0.47735804319381714,,
28,55349,0.8125,0.38490983843803406,,
28,55399,0.78125,0.525165319442749,,
28,55449,0.75,0.5334581136703491,,
28,55499,0.828125,0.41857001185417175,,
28,55549,0.71875,0.5485492944717407,,
28,55563,,,0.7203582525253296,0.5107805728912354
29,55599,0.78125,0.47137969732284546,,
29,55649,0.75,0.4936218857765198,,
29,55699,0.78125,0.4389525055885315,,
29,55749,0.671875,0.5636208653450012,,
29,55799,0.890625,0.34255725145339966,,
29,55849,0.671875,0.5313952565193176,,
29,55899,0.640625,0.5222737193107605,,
29,55949,0.71875,0.5094676613807678,,
29,55999,0.75,0.472381055355072,,
29,56049,0.765625,0.40921512246131897,,
29,56099,0.703125,0.5432796478271484,,
29,56149,0.765625,0.42519691586494446,,
29,56199,0.6875,0.44678905606269836,,
29,56249,0.734375,0.6381441354751587,,
29,56299,0.734375,0.4546107053756714,,
29,56349,0.75,0.4921289086341858,,
29,56399,0.765625,0.3703709542751312,,
29,56449,0.734375,0.49285459518432617,,
29,56499,0.75,0.5395824313163757,,
29,56549,0.765625,0.41455087065696716,,
29,56599,0.84375,0.435200572013855,,
29,56649,0.734375,0.47942471504211426,,
29,56699,0.6875,0.5043497085571289,,
29,56749,0.703125,0.4807124733924866,,
29,56799,0.75,0.4252430200576782,,
29,56849,0.796875,0.4275858402252197,,
29,56899,0.734375,0.4823606312274933,,
29,56949,0.796875,0.40081799030303955,,
29,56999,0.65625,0.5616796016693115,,
29,57049,0.75,0.41940706968307495,,
29,57099,0.765625,0.42791587114334106,,
29,57149,0.734375,0.48959794640541077,,
29,57199,0.734375,0.5251913070678711,,
29,57249,0.828125,0.4680032730102539,,
29,57299,0.796875,0.42860954999923706,,
29,57349,0.796875,0.4295986592769623,,
29,57399,0.796875,0.4599369168281555,,
29,57449,0.671875,0.5513123869895935,,
29,57479,,,0.7420894503593445,0.49350881576538086
30,57499,0.796875,0.45333990454673767,,
30,57549,0.796875,0.43329674005508423,,
30,57599,0.796875,0.44814419746398926,,
30,57649,0.859375,0.43744251132011414,,
30,57699,0.78125,0.38616082072257996,,
30,57749,0.703125,0.5515599846839905,,
30,57799,0.78125,0.4024597406387329,,
30,57849,0.765625,0.4607264995574951,,
30,57899,0.734375,0.5215060710906982,,
30,57949,0.78125,0.4314034581184387,,
30,57999,0.84375,0.44048184156417847,,
30,58049,0.78125,0.46278056502342224,,
30,58099,0.796875,0.5103323459625244,,
30,58149,0.828125,0.39810556173324585,,
30,58199,0.734375,0.5442909002304077,,
30,58249,0.8125,0.46172529458999634,,
30,58299,0.734375,0.45966389775276184,,
30,58349,0.765625,0.46652457118034363,,
30,58399,0.734375,0.6699904203414917,,
30,58449,0.78125,0.4245297312736511,,
30,58499,0.8125,0.4020991027355194,,
30,58549,0.8125,0.4561047852039337,,
30,58599,0.796875,0.4394247531890869,,
30,58649,0.671875,0.5812460780143738,,
30,58699,0.703125,0.6051273345947266,,
30,58749,0.75,0.4411082863807678,,
30,58799,0.671875,0.578061580657959,,
30,58849,0.671875,0.5052903890609741,,
30,58899,0.71875,0.505480170249939,,
30,58949,0.703125,0.47919562458992004,,
30,58999,0.78125,0.44009917974472046,,
30,59049,0.71875,0.48809999227523804,,
30,59099,0.734375,0.5471144914627075,,
30,59149,0.734375,0.4271382689476013,,
30,59199,0.71875,0.5171005129814148,,
30,59249,0.640625,0.6227158308029175,,
30,59299,0.859375,0.43298351764678955,,
30,59349,0.78125,0.46830010414123535,,
30,59395,,,0.6620659232139587,0.6086500883102417
31,59399,0.859375,0.3448638319969177,,
31,59449,0.78125,0.526452898979187,,
31,59499,0.828125,0.4248068928718567,,
31,59549,0.75,0.42641299962997437,,
31,59599,0.671875,0.5289881229400635,,
31,59649,0.65625,0.5298726558685303,,
31,59699,0.703125,0.579154372215271,,
31,59749,0.734375,0.41764742136001587,,
31,59799,0.71875,0.4521002769470215,,
31,59849,0.703125,0.525122344493866,,
31,59899,0.71875,0.4849608540534973,,
31,59949,0.78125,0.4897702932357788,,
31,59999,0.734375,0.5066201686859131,,
31,60049,0.703125,0.5507832765579224,,
31,60099,0.78125,0.4903663098812103,,
31,60149,0.671875,0.5538778901100159,,
31,60199,0.78125,0.4397885799407959,,
31,60249,0.828125,0.3904361128807068,,
31,60299,0.734375,0.6172006130218506,,
31,60349,0.765625,0.5204364061355591,,
31,60399,0.703125,0.49155303835868835,,
31,60449,0.640625,0.5085704922676086,,
31,60499,0.75,0.4704013764858246,,
31,60549,0.703125,0.52655029296875,,
31,60599,0.6875,0.49189478158950806,,
31,60649,0.796875,0.44130992889404297,,
31,60699,0.828125,0.44730836153030396,,
31,60749,0.75,0.47562047839164734,,
31,60799,0.78125,0.5091568231582642,,
31,60849,0.796875,0.4617258906364441,,
31,60899,0.765625,0.4161684811115265,,
31,60949,0.78125,0.547751784324646,,
31,60999,0.703125,0.47193753719329834,,
31,61049,0.71875,0.48587626218795776,,
31,61099,0.765625,0.41905054450035095,,
31,61149,0.859375,0.43945786356925964,,
31,61199,0.78125,0.44682344794273376,,
31,61249,0.75,0.4614561200141907,,
31,61299,0.71875,0.4636400043964386,,
31,61311,,,0.7449526190757751,0.4844498634338379
32,61349,0.734375,0.451616108417511,,
32,61399,0.828125,0.42306920886039734,,
32,61449,0.796875,0.43990156054496765,,
32,61499,0.8125,0.5180044174194336,,
32,61549,0.796875,0.4063894748687744,,
32,61599,0.71875,0.45410704612731934,,
32,61649,0.78125,0.4684801697731018,,
32,61699,0.765625,0.4291923940181732,,
32,61749,0.765625,0.4666842818260193,,
32,61799,0.796875,0.42023879289627075,,
32,61849,0.703125,0.542299211025238,,
32,61899,0.78125,0.4438614249229431,,
32,61949,0.65625,0.568885326385498,,
32,61999,0.703125,0.47779518365859985,,
32,62049,0.78125,0.3953683376312256,,
32,62099,0.71875,0.511994481086731,,
32,62149,0.65625,0.6111966371536255,,
32,62199,0.6875,0.5955513715744019,,
32,62249,0.765625,0.43974190950393677,,
32,62299,0.796875,0.42066964507102966,,
32,62349,0.8125,0.4111894965171814,,
32,62399,0.75,0.5341227054595947,,
32,62449,0.734375,0.49917274713516235,,
32,62499,0.890625,0.3837980031967163,,
32,62549,0.671875,0.49075907468795776,,
32,62599,0.828125,0.36881929636001587,,
32,62649,0.765625,0.47411873936653137,,
32,62699,0.765625,0.4450328052043915,,
32,62749,0.703125,0.5255459547042847,,
32,62799,0.8125,0.42509084939956665,,
32,62849,0.71875,0.45475202798843384,,
32,62899,0.71875,0.4631699025630951,,
32,62949,0.859375,0.3614999055862427,,
32,62999,0.796875,0.4361293911933899,,
32,63049,0.703125,0.5394453406333923,,
32,63099,0.703125,0.47837984561920166,,
32,63149,0.84375,0.3998042047023773,,
32,63199,0.71875,0.5379859209060669,,
32,63227,,,0.7136039733886719,0.5231727957725525
33,63249,0.734375,0.546837568283081,,
33,63299,0.78125,0.501828670501709,,
33,63349,0.765625,0.46746644377708435,,
33,63399,0.796875,0.4119022488594055,,
33,63449,0.796875,0.5034563541412354,,
33,63499,0.703125,0.516262948513031,,
33,63549,0.796875,0.4425589144229889,,
33,63599,0.703125,0.483875572681427,,
33,63649,0.671875,0.6519163846969604,,
33,63699,0.6875,0.5685265064239502,,
33,63749,0.640625,0.5529048442840576,,
33,63799,0.75,0.47662973403930664,,
33,63849,0.78125,0.48613059520721436,,
33,63899,0.78125,0.4352361559867859,,
33,63949,0.828125,0.38311758637428284,,
33,63999,0.828125,0.3454352021217346,,
33,64049,0.734375,0.46256494522094727,,
33,64099,0.859375,0.40446484088897705,,
33,64149,0.8125,0.45476388931274414,,
33,64199,0.8125,0.4370588958263397,,
33,64249,0.765625,0.459047794342041,,
33,64299,0.765625,0.514011025428772,,
33,64349,0.71875,0.4376380145549774,,
33,64399,0.765625,0.42155933380126953,,
33,64449,0.828125,0.41032344102859497,,
33,64499,0.8125,0.39700502157211304,,
33,64549,0.6875,0.46023881435394287,,
33,64599,0.75,0.6194701194763184,,
33,64649,0.703125,0.5289309024810791,,
33,64699,0.828125,0.398348867893219,,
33,64749,0.8125,0.42664414644241333,,
33,64799,0.734375,0.5465784072875977,,
33,64849,0.71875,0.5081446170806885,,
33,64899,0.828125,0.41367852687835693,,
33,64949,0.765625,0.4430355131626129,,
33,64999,0.734375,0.5188267230987549,,
33,65049,0.78125,0.47950154542922974,,
33,65099,0.828125,0.4190906882286072,,
33,65143,,,0.7642610669136047,0.45857974886894226
34,65149,0.734375,0.5634539127349854,,
34,65199,0.8125,0.3997306227684021,,
34,65249,0.796875,0.45684951543807983,,
34,65299,0.703125,0.48683103919029236,,
34,65349,0.734375,0.40021592378616333,,
34,65399,0.84375,0.39047783613204956,,
34,65449,0.78125,0.49163395166397095,,
34,65499,0.75,0.4337605834007263,,
34,65549,0.71875,0.4501422345638275,,
34,65599,0.765625,0.4628053307533264,,
34,65649,0.78125,0.45444124937057495,,
34,65699,0.796875,0.3780568242073059,,
34,65749,0.71875,0.5044442415237427,,
34,65799,0.75,0.39811059832572937,,
34,65849,0.796875,0.4421444237232208,,
34,65899,0.71875,0.547715961933136,,
34,65949,0.71875,0.5595560669898987,,
34,65999,0.765625,0.4771013855934143,,
34,66049,0.765625,0.4458572268486023,,
34,66099,0.75,0.527753472328186,,
34,66149,0.75,0.4891369342803955,,
34,66199,0.671875,0.5557094812393188,,
34,66249,0.8125,0.43124058842658997,,
34,66299,0.828125,0.3995794653892517,,
34,66349,0.71875,0.6363673806190491,,
34,66399,0.765625,0.4478195905685425,,
34,66449,0.765625,0.4250410497188568,,
34,66499,0.71875,0.48195981979370117,,
34,66549,0.703125,0.5068172216415405,,
34,66599,0.75,0.43932563066482544,,
34,66649,0.6875,0.5572808384895325,,
34,66699,0.625,0.6000200510025024,,
34,66749,0.640625,0.5276526808738708,,
34,66799,0.8125,0.4374600052833557,,
34,66849,0.671875,0.5283169746398926,,
34,66899,0.765625,0.42583799362182617,,
34,66949,0.8125,0.3392128348350525,,
34,66999,0.734375,0.5669574737548828,,
34,67049,0.734375,0.4185296893119812,,
34,67059,,,0.6741795539855957,0.5965871214866638
35,67099,0.6875,0.5077066421508789,,
35,67149,0.765625,0.5233255624771118,,
35,67199,0.875,0.32493579387664795,,
35,67249,0.78125,0.4174581468105316,,
35,67299,0.703125,0.4661094546318054,,
35,67349,0.734375,0.4583264887332916,,
35,67399,0.796875,0.4255291223526001,,
35,67449,0.71875,0.47375330328941345,,
35,67499,0.859375,0.4505341351032257,,
35,67549,0.734375,0.519049346446991,,
35,67599,0.8125,0.3859310746192932,,
35,67649,0.84375,0.3945700526237488,,
35,67699,0.671875,0.5120285749435425,,
35,67749,0.84375,0.39464783668518066,,
35,67799,0.703125,0.5086337327957153,,
35,67849,0.796875,0.42587989568710327,,
35,67899,0.78125,0.41609182953834534,,
35,67949,0.765625,0.4712524116039276,,
35,67999,0.671875,0.5011454820632935,,
35,68049,0.734375,0.5132208466529846,,
35,68099,0.8125,0.41642987728118896,,
35,68149,0.796875,0.4505612850189209,,
35,68199,0.84375,0.3857995867729187,,
35,68249,0.796875,0.3677721619606018,,
35,68299,0.6875,0.5249062180519104,,
35,68349,0.71875,0.52482008934021,,
35,68399,0.8125,0.45449385046958923,,
35,68449,0.796875,0.4641786515712738,,
35,68499,0.734375,0.47595274448394775,,
35,68549,0.890625,0.3895200490951538,,
35,68599,0.78125,0.4471428096294403,,
35,68649,0.671875,0.5333382487297058,,
35,68699,0.8125,0.405025839805603,,
35,68749,0.734375,0.47454124689102173,,
35,68799,0.765625,0.4404987692832947,,
35,68849,0.734375,0.5355217456817627,,
35,68899,0.765625,0.4654057025909424,,
35,68949,0.734375,0.49440979957580566,,
35,68975,,,0.7306365370750427,0.49927204847335815
36,68999,0.734375,0.4493072032928467,,
36,69049,0.703125,0.4650088846683502,,
36,69099,0.6875,0.542847216129303,,
36,69149,0.859375,0.4559338092803955,,
36,69199,0.625,0.5470224022865295,,
36,69249,0.765625,0.46033012866973877,,
36,69299,0.734375,0.4957847595214844,,
36,69349,0.71875,0.5111781358718872,,
36,69399,0.703125,0.5082155466079712,,
36,69449,0.734375,0.5679799914360046,,
36,69499,0.6875,0.4744570851325989,,
36,69549,0.828125,0.44635850191116333,,
36,69599,0.796875,0.3905262053012848,,
36,69649,0.828125,0.37698066234588623,,
36,69699,0.734375,0.5103840827941895,,
36,69749,0.8125,0.3382071852684021,,
36,69799,0.796875,0.4605228900909424,,
36,69849,0.796875,0.3759593367576599,,
36,69899,0.65625,0.5091748237609863,,
36,69949,0.703125,0.5110056400299072,,
36,69999,0.734375,0.5020581483840942,,
36,70049,0.703125,0.4619477093219757,,
36,70099,0.703125,0.507426917552948,,
36,70149,0.734375,0.49685928225517273,,
36,70199,0.8125,0.47750115394592285,,
36,70249,0.703125,0.6143981218338013,,
36,70299,0.765625,0.4428573548793793,,
36,70349,0.78125,0.42727547883987427,,
36,70399,0.765625,0.5187437534332275,,
36,70449,0.71875,0.432727575302124,,
36,70499,0.71875,0.4972195625305176,,
36,70549,0.875,0.337158203125,,
36,70599,0.75,0.5055555701255798,,
36,70649,0.796875,0.5049893856048584,,
36,70699,0.734375,0.46084439754486084,,
36,70749,0.734375,0.4551137387752533,,
36,70799,0.75,0.37840020656585693,,
36,70849,0.84375,0.39863717555999756,,
36,70891,,,0.7251303195953369,0.5063275694847107
37,70899,0.796875,0.44187480211257935,,
37,70949,0.859375,0.40041327476501465,,
37,70999,0.75,0.4166034460067749,,
37,71049,0.765625,0.4257581830024719,,
37,71099,0.8125,0.4003075659275055,,
37,71149,0.75,0.5530799627304077,,
37,71199,0.859375,0.3788216710090637,,
37,71249,0.796875,0.4283689558506012,,
37,71299,0.625,0.5813745260238647,,
37,71349,0.828125,0.3603651821613312,,
37,71399,0.8125,0.41089701652526855,,
37,71449,0.703125,0.47367021441459656,,
37,71499,0.703125,0.461162269115448,,
37,71549,0.75,0.4163869619369507,,
37,71599,0.734375,0.5108182430267334,,
37,71649,0.78125,0.47567272186279297,,
37,71699,0.828125,0.45210570096969604,,
37,71749,0.71875,0.4822251796722412,,
37,71799,0.84375,0.3844389021396637,,
37,71849,0.765625,0.4479467272758484,,
37,71899,0.796875,0.42925089597702026,,
37,71949,0.703125,0.5503515005111694,,
37,71999,0.71875,0.5024373531341553,,
37,72049,0.828125,0.36291974782943726,,
37,72099,0.703125,0.4981149435043335,,
37,72149,0.75,0.5336954593658447,,
37,72199,0.703125,0.5516009330749512,,
37,72249,0.78125,0.44929760694503784,,
37,72299,0.65625,0.5505285859107971,,
37,72349,0.84375,0.32724177837371826,,
37,72399,0.703125,0.5727406740188599,,
37,72449,0.734375,0.4947010278701782,,
37,72499,0.6875,0.5467718839645386,,
37,72549,0.8125,0.3637964725494385,,
37,72599,0.6875,0.5403280258178711,,
37,72649,0.8125,0.3772164583206177,,
37,72699,0.71875,0.5400577187538147,,
37,72749,0.765625,0.4432871341705322,,
37,72799,0.75,0.40476322174072266,,
37,72807,,,0.7305631041526794,0.4981546103954315
38,72849,0.78125,0.4496835470199585,,
38,72899,0.796875,0.43001097440719604,,
38,72949,0.703125,0.5709372162818909,,
38,72999,0.6875,0.46821051836013794,,
38,73049,0.71875,0.5248744487762451,,
38,73099,0.84375,0.3943439722061157,,
38,73149,0.78125,0.44208869338035583,,
38,73199,0.71875,0.48784568905830383,,
38,73249,0.828125,0.4540647566318512,,
38,73299,0.75,0.46623241901397705,,
38,73349,0.75,0.4722706079483032,,
38,73399,0.8125,0.4382629990577698,,
38,73449,0.765625,0.48284706473350525,,
38,73499,0.765625,0.508080244064331,,
38,73549,0.734375,0.4698599576950073,,
38,73599,0.765625,0.41710907220840454,,
38,73649,0.78125,0.4402880072593689,,
38,73699,0.875,0.3663710355758667,,
38,73749,0.796875,0.42880675196647644,,
38,73799,0.734375,0.4321366250514984,,
38,73849,0.78125,0.46085357666015625,,
38,73899,0.71875,0.5197994709014893,,
38,73949,0.828125,0.3686947226524353,,
38,73999,0.75,0.4857855439186096,,
38,74049,0.703125,0.47706395387649536,,
38,74099,0.75,0.5169642567634583,,
38,74149,0.796875,0.43031787872314453,,
38,74199,0.765625,0.4200337529182434,,
38,74249,0.828125,0.36897286772727966,,
38,74299,0.765625,0.5186374187469482,,
38,74349,0.84375,0.3534272611141205,,
38,74399,0.71875,0.5122250318527222,,
38,74449,0.71875,0.5050157308578491,,
38,74499,0.75,0.48761695623397827,,
38,74549,0.765625,0.41399332880973816,,
38,74599,0.734375,0.43115442991256714,,
38,74649,0.75,0.5091657042503357,,
38,74699,0.84375,0.3828474283218384,,
38,74723,,,0.6384259462356567,0.6883261203765869
39,74749,0.765625,0.4851435422897339,,
39,74799,0.8125,0.4049285650253296,,
39,74849,0.796875,0.44535309076309204,,
39,74899,0.828125,0.41655460000038147,,
39,74949,0.78125,0.4131726622581482,,
39,74999,0.671875,0.7363847494125366,,
39,75049,0.796875,0.37796926498413086,,
39,75099,0.71875,0.5076075196266174,,
39,75149,0.71875,0.5053650140762329,,
39,75199,0.796875,0.4075922966003418,,
39,75249,0.765625,0.5238654613494873,,
39,75299,0.78125,0.4265836477279663,,
39,75349,0.6875,0.4835604429244995,,
39,75399,0.828125,0.435913622379303,,
39,75449,0.703125,0.5451222658157349,,
39,75499,0.71875,0.4930129647254944,,
39,75549,0.625,0.5564819574356079,,
39,75599,0.75,0.40371015667915344,,
39,75649,0.8125,0.41119319200515747,,
39,75699,0.765625,0.38628825545310974,,
39,75749,0.75,0.5051136612892151,,
39,75799,0.828125,0.44896775484085083,,
39,75849,0.703125,0.5064674615859985,,
39,75899,0.78125,0.4149319529533386,,
39,75949,0.6875,0.514371395111084,,
39,75999,0.75,0.4777510464191437,,
39,76049,0.71875,0.4621610939502716,,
39,76099,0.65625,0.553926944732666,,
39,76149,0.71875,0.5055099725723267,,
39,76199,0.734375,0.48380225896835327,,
39,76249,0.796875,0.43202733993530273,,
39,76299,0.859375,0.3540133535861969,,
39,76349,0.765625,0.6608339548110962,,
39,76399,0.734375,0.5356660485267639,,
39,76449,0.84375,0.39059340953826904,,
39,76499,0.78125,0.4672439992427826,,
39,76549,0.71875,0.4783799648284912,,
39,76599,0.65625,0.5886176824569702,,
39,76639,,,0.7637471556663513,0.45913416147232056
40,76649,0.734375,0.4808885455131531,,
40,76699,0.703125,0.5156878232955933,,
40,76749,0.828125,0.39399638772010803,,
40,76799,0.796875,0.38432902097702026,,
40,76849,0.8125,0.41752076148986816,,
40,76899,0.859375,0.35132038593292236,,
40,76949,0.734375,0.4257281422615051,,
40,76999,0.828125,0.38639628887176514,,
40,77049,0.828125,0.39764395356178284,,
40,77099,0.78125,0.47044169902801514,,
40,77149,0.71875,0.5031041502952576,,
40,77199,0.703125,0.5379164218902588,,
40,77249,0.71875,0.5638546943664551,,
40,77299,0.6875,0.5445923209190369,,
40,77349,0.71875,0.5863565802574158,,
40,77399,0.75,0.4318195581436157,,
40,77449,0.78125,0.4338407516479492,,
40,77499,0.84375,0.3866998851299286,,
40,77549,0.75,0.4288352131843567,,
40,77599,0.8125,0.3525242805480957,,
40,77649,0.796875,0.39395782351493835,,
40,77699,0.734375,0.4778921604156494,,
40,77749,0.734375,0.5443076491355896,,
40,77799,0.734375,0.40595245361328125,,
40,77849,0.8125,0.43180781602859497,,
40,77899,0.828125,0.34411749243736267,,
40,77949,0.640625,0.6509796977043152,,
40,77999,0.859375,0.3371734619140625,,
40,78049,0.859375,0.4093943238258362,,
40,78099,0.6875,0.5304977893829346,,
40,78149,0.734375,0.4536721706390381,,
40,78199,0.75,0.4666440188884735,,
40,78249,0.734375,0.4718164801597595,,
40,78299,0.640625,0.5852054357528687,,
40,78349,0.75,0.4715353846549988,,
40,78399,0.84375,0.39822566509246826,,
40,78449,0.8125,0.4300391674041748,,
40,78499,0.6875,0.5064870715141296,,
40,78549,0.734375,0.47266724705696106,,
40,78555,,,0.7431172728538513,0.4870118796825409
41,78599,0.78125,0.4370907247066498,,
41,78649,0.71875,0.4409465193748474,,
41,78699,0.75,0.4628292918205261,,
41,78749,0.703125,0.5341233611106873,,
41,78799,0.75,0.5213986039161682,,
41,78849,0.765625,0.4822057783603668,,
41,78899,0.75,0.5736207962036133,,
41,78949,0.796875,0.38142475485801697,,
41,78999,0.796875,0.4353548288345337,,
41,79049,0.765625,0.5781815052032471,,
41,79099,0.8125,0.40408438444137573,,
41,79149,0.8125,0.3937980532646179,,
41,79199,0.78125,0.4012753665447235,,
41,79249,0.734375,0.5339984893798828,,
41,79299,0.765625,0.4572572708129883,,
41,79349,0.703125,0.47670337557792664,,
41,79399,0.796875,0.43532678484916687,,
41,79449,0.640625,0.7489527463912964,,
41,79499,0.734375,0.46478256583213806,,
41,79549,0.75,0.49944955110549927,,
41,79599,0.71875,0.5495116710662842,,
41,79649,0.828125,0.4546740651130676,,
41,79699,0.71875,0.4400736093521118,,
41,79749,0.828125,0.3903634548187256,,
41,79799,0.6875,0.5332303047180176,,
41,79849,0.84375,0.40357357263565063,,
41,79899,0.765625,0.4925689399242401,,
41,79949,0.8125,0.46145373582839966,,
41,79999,0.875,0.29572993516921997,,
41,80049,0.75,0.48180773854255676,,
41,80099,0.765625,0.4599640369415283,,
41,80149,0.734375,0.4166213572025299,,
41,80199,0.8125,0.4046122431755066,,
41,80249,0.84375,0.3711022436618805,,
41,80299,0.640625,0.586169958114624,,
41,80349,0.78125,0.4733361005783081,,
41,80399,0.828125,0.360633909702301,,
41,80449,0.90625,0.40149468183517456,,
41,80471,,,0.7354819774627686,0.49278876185417175
42,80499,0.828125,0.42242276668548584,,
42,80549,0.71875,0.482051819562912,,
42,80599,0.78125,0.46772441267967224,,
42,80649,0.75,0.467478483915329,,
42,80699,0.78125,0.437348335981369,,
42,80749,0.765625,0.5370742082595825,,
42,80799,0.78125,0.4012936055660248,,
42,80849,0.78125,0.466902494430542,,
42,80899,0.828125,0.41571691632270813,,
42,80949,0.8125,0.4966456890106201,,
42,80999,0.796875,0.43359139561653137,,
42,81049,0.90625,0.36595308780670166,,
42,81099,0.75,0.4257095456123352,,
42,81149,0.6875,0.4966391324996948,,
42,81199,0.71875,0.5197247266769409,,
42,81249,0.734375,0.4999803602695465,,
42,81299,0.828125,0.3638448715209961,,
42,81349,0.671875,0.5176308751106262,,
42,81399,0.8125,0.3930950164794922,,
42,81449,0.828125,0.39227938652038574,,
42,81499,0.703125,0.47726374864578247,,
42,81549,0.859375,0.3859681785106659,,
42,81599,0.765625,0.37820273637771606,,
42,81649,0.71875,0.4989717900753021,,
42,81699,0.71875,0.43447887897491455,,
42,81749,0.734375,0.5093110203742981,,
42,81799,0.734375,0.4749614894390106,,
42,81849,0.859375,0.3280375003814697,,
42,81899,0.734375,0.46713510155677795,,
42,81949,0.765625,0.48062270879745483,,
42,81999,0.78125,0.46304285526275635,,
42,82049,0.765625,0.4727403223514557,,
42,82099,0.75,0.5664054155349731,,
42,82149,0.703125,0.5156476497650146,,
42,82199,0.78125,0.44283896684646606,,
42,82249,0.640625,0.49390754103660583,,
42,82299,0.796875,0.42904672026634216,,
42,82349,0.78125,0.42444908618927,,
42,82387,,,0.7128698229789734,0.5283793210983276
43,82399,0.734375,0.45031341910362244,,
43,82449,0.828125,0.36727866530418396,,
43,82499,0.78125,0.5089724063873291,,
43,82549,0.703125,0.5594865679740906,,
43,82599,0.78125,0.4147495925426483,,
43,82649,0.8125,0.35157471895217896,,
43,82699,0.765625,0.5160362720489502,,
43,82749,0.734375,0.5113663673400879,,
43,82799,0.78125,0.4771580994129181,,
43,82849,0.796875,0.4095824956893921,,
43,82899,0.703125,0.4543846547603607,,
43,82949,0.765625,0.46370357275009155,,
43,82999,0.671875,0.5024569630622864,,
43,83049,0.84375,0.41285592317581177,,
43,83099,0.703125,0.5173799395561218,,
43,83149,0.78125,0.4081183075904846,,
43,83199,0.703125,0.4376595616340637,,
43,83249,0.78125,0.45085856318473816,,
43,83299,0.84375,0.4753064513206482,,
43,83349,0.8125,0.3868589997291565,,
43,83399,0.8125,0.3837929666042328,,
43,83449,0.796875,0.4241781532764435,,
43,83499,0.671875,0.45852482318878174,,
43,83549,0.84375,0.38425156474113464,,
43,83599,0.71875,0.5011641979217529,,
43,83649,0.828125,0.3438493609428406,,
43,83699,0.796875,0.37729722261428833,,
43,83749,0.796875,0.407238632440567,,
43,83799,0.78125,0.4546181559562683,,
43,83849,0.796875,0.5314538478851318,,
43,83899,0.8125,0.4333558976650238,,
43,83949,0.75,0.48964041471481323,,
43,83999,0.78125,0.5076809525489807,,
43,84049,0.75,0.4432227313518524,,
43,84099,0.671875,0.6218278408050537,,
43,84149,0.6875,0.5798162817955017,,
43,84199,0.84375,0.35422682762145996,,
43,84249,0.8125,0.44915837049484253,,
43,84299,0.765625,0.514422595500946,,
43,84303,,,0.7578738927841187,0.463737428188324
